Name,Date,Time
student4,2025-11-14,11:27:10
student7,2025-11-14,11:27:10
student3,2025-11-14,11:27:10
student5,2025-11-14,11:27:10
student13,2025-11-14,11:27:10
student12,2025-11-14,11:27:10
student1,2025-11-14,11:27:10
student8,2025-11-14,11:27:10
student10,2025-11-14,11:27:10
student9,2025-11-14,11:27:10
student14,2025-11-14,11:27:10
student2,2025-11-14,11:27:10
student11,2025-11-14,11:27:10
student15,2025-11-14,11:27:10
student16,2025-11-14,11:27:10
student6,2025-11-14,11:27:10
student2,2025-11-15,11:29:44
student3,2025-11-15,11:29:44
student1,2025-11-15,11:29:44
student4,2025-11-15,11:29:44
student3,2025-11-17,12:55:13
student15,2025-11-17,12:55:13
student1,2025-11-17,12:55:13
student6,2025-11-17,12:55:13
student8,2025-11-17,12:55:13
student9,2025-11-17,12:55:13
student10,2025-11-17,12:55:13
student11,2025-11-17,12:55:13
student16,2025-11-17,12:55:13
student5,2025-11-17,12:55:13
student12,2025-11-17,12:55:13
student4,2025-11-17,12:55:13
student14,2025-11-17,12:55:13
student2,2025-11-17,12:55:13
student13,2025-11-17,12:55:13
student7,2025-11-17,12:55:13
student5,2025-12-22,10:30:21
student6,2025-12-22,10:30:21
student9,2025-12-22,10:30:21
student7,2025-12-22,10:30:21
student2,2025-12-22,10:30:21
student3,2025-12-22,10:30:21
student10,2025-12-22,10:30:21
student11,2025-12-22,10:30:21
student13,2025-12-22,10:30:21
student8,2025-12-22,10:30:21
student15,2025-12-22,10:30:21
student16,2025-12-22,10:30:21
student4,2025-12-22,10:30:21
student12,2025-12-22,10:30:21
student1,2025-12-22,10:30:21
student14,2025-12-22,10:30:21
